reference,str_extra_input,focus_identity,data_type,data_dir_train,data_dir_test,mean_min_train,mean_min_test,std_min_train,std_min_test
start-fr,,False,rot_mat,"data_t(5,20)_r(5,20)_combi_pNone_gNone","data_t(5,20)_r(5,20)_combi_pNone_gNone",0.0016346651129424572,0.0016988535528071225,5.585659938320714e-05,0.00016573598235461944
start-fr,,False,log_dualQ,"data_t(5,20)_r(5,20)_combi_pNone_gNone","data_t(5,20)_r(5,20)_combi_pNone_gNone",0.3600787788629532,0.3922412633895874,0.011213894013311822,0.024080698125005382
start-fr,,False,dual_quat,"data_t(5,20)_r(5,20)_combi_pNone_gNone","data_t(5,20)_r(5,20)_combi_pNone_gNone",0.008999288268387317,0.006454230472445488,0.0006333713459498864,0.0007268911215320275
start-fr,,False,quat,"data_t(5,20)_r(5,20)_combi_pNone_gNone","data_t(5,20)_r(5,20)_combi_pNone_gNone",0.001889448007568717,0.0015956153161823749,4.579467225082639e-05,0.00021211776678178697
start-fr,,False,log_quat,"data_t(5,20)_r(5,20)_combi_pNone_gNone","data_t(5,20)_r(5,20)_combi_pNone_gNone",0.0022874140413478017,0.0023175645037554204,0.00011313224734228135,0.0002814306466729152
start-fr,,False,pos_diff_start,"data_t(5,20)_r(5,20)_combi_pNone_gNone","data_t(5,20)_r(5,20)_combi_pNone_gNone",0.004789425991475582,0.0045325050596147776,0.00045658722277564043,0.00039189994206680724
